id,section,title,abstract
a0001,基礎,"XでYが増加する","【目的】本研究の目的は、XがYに与える影響を解析することである。【方法】6週齢のマウスにXを投与し、Yの発現量を定量PCRで測定した。【結果】X投与群ではYが有意に増加した（p<0.05）。【考察】XはYの発現を促進する新たな因子である可能性が示唆された。"
a0002,臨床,"ZZZがAAAに与える影響の解析","【目的】ZZZの臨床的意義を明らかにする。【方法】AAA患者50例を対象にZZZ濃度とBBB指標を比較した。【結果】ZZZ高値群ではBBBの改善率が有意に高かった（p<0.01）。【考察】ZZZはAAAの病態改善に寄与する可能性がある。"
a0003,基礎,"新規タンパク質Qの局在解析","【目的】新規タンパク質Qの細胞内局在を明らかにする。【方法】GFP融合タンパク質を用いて蛍光顕微鏡で観察した。【結果】Qは主にミトコンドリアに局在した。【考察】Qはエネルギー代謝制御に関与している可能性がある。"
a0004,臨床,"抗菌薬Rの副作用発現頻度の検討","【目的】抗菌薬R使用時の副作用発現頻度を調査した。【方法】入院患者200例のカルテを後方視的に解析した。【結果】発疹が最も多く、発現率は12%であった。【考察】R使用時には皮疹への注意が必要である。"
a0005,基礎,"転写因子Sによる遺伝子Tの制御","【目的】転写因子Sが遺伝子Tの発現に及ぼす影響を調べた。【方法】ルシフェラーゼアッセイを行った。【結果】Sの過剰発現によりTの転写活性が2倍に増加した。【考察】SはTの正の転写制御因子であると考えられる。"
a0006,臨床,"慢性疾患Uにおける炎症マーカーVの意義","【目的】U患者におけるVの臨床的意義を評価した。【方法】血清V値と疾患重症度との関連を解析した。【結果】V値は重症度と正の相関を示した。【考察】VはUの重症度予測に有用なバイオマーカーである。"
a0007,基礎,"細胞Wの分化過程における因子Zの役割","【目的】Zの発現変化とW細胞の分化との関係を検討した。【方法】分化誘導培養を行い、Z発現を測定した。【結果】分化初期にZ発現が著明に上昇した。【考察】ZはW細胞の分化開始に関与する可能性がある。"
a0008,臨床,"BBBワクチン接種後の抗体価推移","【目的】BBBワクチン後の抗体価の経時的変化を検討した。【方法】接種後0、1、3、6か月で採血し抗体価を測定した。【結果】1か月後にピークを迎え、6か月後に低下傾向を示した。【考察】半年以降の追加接種が有効と考えられる。"
a0009,基礎,"マクロファージ活性化におけるサイトカインCの機能","【目的】Cがマクロファージの貪食能に及ぼす影響を調べた。【方法】RAW264.7細胞にCを添加し貪食能を測定した。【結果】C処理群で貪食活性が約1.5倍に上昇した。【考察】Cは自然免疫応答の活性化に関与する。"
a0010,臨床,"高齢者におけるD薬の血中濃度変動","【目的】加齢がD薬の薬物動態に与える影響を検討した。【方法】高齢者群と若年群で血中濃度を比較した。【結果】高齢者群で半減期が延長していた。【考察】腎機能低下による排泄遅延が示唆された。"
a0011,基礎,"代謝酵素Eの構造解析","【目的】Eの立体構造と基質結合様式を明らかにする。【方法】X線結晶構造解析を行った。【結果】Eは新規ドメインを有していた。【考察】Eは既存酵素とは異なる反応機構を持つと考えられる。"
a0012,臨床,"糖尿病F患者における新規治療薬Gの効果","【目的】Gの血糖降下効果を評価した。【方法】F患者100例を対象に無作為化比較試験を行った。【結果】HbA1cが平均1.2%低下した。【考察】GはF治療の有効な選択肢となる可能性がある。"
a0013,基礎,"神経細胞Hの再生促進機構の解析","【目的】Hの再生を促す分子機構を探索する。【方法】培養神経細胞に刺激Iを加え、遺伝子発現変化を解析した。【結果】再生関連遺伝子群が上昇した。【考察】I刺激は神経再生誘導に寄与する可能性がある。"
a0014,臨床,"術後感染症におけるJ菌の耐性傾向","【目的】術後感染症分離株のJ菌耐性率を調査した。【方法】過去5年間の検査データを解析した。【結果】カルバペネム耐性率が上昇傾向にあった。【考察】耐性株の拡大防止策が必要である。"
a0015,基礎,"酸化ストレス下でのKタンパク質変化","【目的】酸化ストレスがKタンパク質発現に与える影響を調べた。【方法】細胞に過酸化水素を添加し、Western blotで解析した。【結果】酸化条件下でK発現が減少した。【考察】Kは酸化ストレス応答に関与している可能性がある。"
a0016,臨床,"L疾患におけるMバイオマーカーの有用性","【目的】M値がL疾患の診断に有用か検討した。【方法】L患者群と対照群でM値を比較した。【結果】AUC=0.87と良好な識別能を示した。【考察】MはLの早期診断に役立つ可能性がある。"
a0017,基礎,"RNA編集酵素Nの機能解析","【目的】Nが遺伝子発現制御に及ぼす影響を調べた。【方法】Nノックアウト細胞を作製しRNA-seq解析を行った。【結果】多数の転写産物に編集異常が見られた。【考察】Nは翻訳後制御に重要な役割を果たす。"
a0018,臨床,"Oワクチン接種後の副反応調査","【目的】Oワクチンの安全性を確認する。【方法】接種後1週間以内の副反応をアンケート調査した。【結果】局所疼痛が最も多く、重篤例はなかった。【考察】Oワクチンは安全性が高い。"
a0019,基礎,"ペプチドPによる細胞Q活性化機構","【目的】PがQ活性に与える影響を調べた。【方法】Q細胞をPで刺激し、シグナル経路を解析した。【結果】ERK経路が活性化された。【考察】PはQ細胞を介して免疫応答を誘導する可能性がある。"
a0020,臨床,"抗ウイルス薬Rの臨床効果","【目的】Rが感染症Sの治療に有効かを検討した。【方法】S患者70例を対象にR群と対照群を比較した。【結果】R群で発熱期間が短縮した（p<0.05）。【考察】RはS治療に有効である可能性がある。"
a0021,基礎,"転写抑制因子Tの発現制御","【目的】Tの発現を調節する上流因子を探索した。【方法】プロモーター解析を行い、結合配列を特定した。【結果】U転写因子が主要な制御因子であることが判明した。【考察】T-U経路が新しい遺伝子制御系を形成している。"
a0022,臨床,"慢性呼吸器疾患患者における睡眠の質","【目的】Vスコアを用いて睡眠の質を評価した。【方法】患者100名にアンケートを実施した。【結果】重症群で睡眠の質が有意に低下していた。【考察】呼吸症状の管理が睡眠改善に寄与する可能性がある。"
a0023,基礎,"小胞輸送因子Wの欠損による影響","【目的】W欠損が細胞機能に及ぼす影響を解析した。【方法】ノックアウトマウスを作製し組織を観察した。【結果】肝臓で脂質蓄積が認められた。【考察】Wは脂質代謝維持に重要である。"
a0024,臨床,"抗凝固療法中の出血リスク因子の解析","【目的】X治療中の出血リスクを明らかにする。【方法】多変量解析で因子を抽出した。【結果】高齢・腎機能低下が独立した危険因子であった。【考察】患者背景に応じた用量調整が必要である。"
a0025,基礎,"オートファジー関連遺伝子Yの機能","【目的】Yの欠損が細胞恒常性に与える影響を調べた。【方法】Yノックアウト細胞でストレス応答を解析した。【結果】ミトコンドリア損傷が増加した。【考察】Yは細胞保護に関与している。"
a0026,臨床,"Z疾患に対する新規抗体治療の有効性","【目的】Z疾患に対する新抗体療法の効果を検証した。【方法】二重盲検試験を実施した。【結果】症状スコアが有意に改善した。【考察】新抗体療法はZ疾患治療の新たな選択肢となる。"
a0027,基礎,"代謝経路Aにおける酵素Bの役割","【目的】Bの基質特異性を明らかにする。【方法】精製酵素を用いて活性測定を行った。【結果】特定のアミノ酸に高い親和性を示した。【考察】Bは代謝経路Aの律速酵素である。"
a0028,臨床,"人工呼吸管理中患者のC指標の推移","【目的】C指標の時間的変化を追跡した。【方法】集中治療室の患者50例を対象に測定した。【結果】治療反応良好群でC指標が早期に改善した。【考察】C指標は治療効果判定に有用である。"
a0029,基礎,"DNA修復因子Dの欠損マウス解析","【目的】D欠損が発がん感受性に及ぼす影響を調べた。【方法】化学発がんモデルを用いた。【結果】D欠損マウスで腫瘍発生率が上昇した。【考察】Dはゲノム安定性維持に寄与している。"
a0030,臨床,"E感染症における治療薬Fの治療成績","【目的】Fの臨床効果を評価する。【方法】後方視的にF投与群と非投与群を比較した。【結果】F群で再発率が低下した。【考察】FはE感染症治療の有力薬剤である。"
a0031,基礎,"筋萎縮抑制因子Gの発現調節","【目的】Gの発現を制御する転写機構を解析した。【方法】クロマチン免疫沈降法を行った。【結果】H転写因子がGプロモーターに結合した。【考察】H-G軸は筋萎縮抑制に重要である。"
a0032,臨床,"心不全患者におけるIホルモン動態","【目的】Iホルモンの血中動態と予後との関連を解析した。【方法】患者群を長期追跡した。【結果】高I群で生存率が低下した。【考察】Iは心不全重症度の指標となる。"
a0033,基礎,"シグナル経路Jの阻害による腫瘍抑制","【目的】J経路阻害剤の抗腫瘍効果を検討した。【方法】マウス腫瘍モデルに投与した。【結果】腫瘍増殖が有意に抑制された。【考察】J経路は治療標的となり得る。"
a0034,臨床,"K感染症の院内発生要因の解析","【目的】K感染症の院内伝播経路を特定する。【方法】疫学的調査を実施した。【結果】手指衛生遵守率の低下が主要因であった。【考察】感染対策教育の徹底が必要である。"
a0035,基礎,"L遺伝子のスプライシング変異解析","【目的】L遺伝子変異が機能に及ぼす影響を調べた。【方法】変異導入株を作製し発現解析を行った。【結果】一部変異で翻訳産物が短縮していた。【考察】スプライシング異常が疾患発症に関与する。"
a0036,臨床,"M薬併用による副作用軽減効果","【目的】M薬併用が副作用発現に及ぼす影響を検討した。【方法】併用群と単独群で比較した。【結果】併用群で有害事象が有意に少なかった。【考察】M薬は安全性向上に寄与する。"
a0037,基礎,"細菌Nの耐熱性機構の解析","【目的】Nの耐熱性を支える分子基盤を解明する。【方法】変異株を作製し熱安定性を測定した。【結果】特定アミノ酸置換により耐熱性が低下した。【考察】Nは熱ショックタンパク質によって安定化されている。"
a0038,臨床,"O手術後の創感染予防対策の効果","【目的】術前抗菌薬投与と皮膚消毒の併用効果を検討した。【方法】介入群と対照群を比較した。【結果】感染率が40%減少した。【考察】複合的対策が創感染予防に有効である。"
a0039,基礎,"細胞Pのミトコンドリア動態調節","【目的】Pの欠損がミトコンドリア形態に与える影響を調べた。【方法】電子顕微鏡観察を行った。【結果】融合障害が確認された。【考察】Pはミトコンドリア動態維持に必須である。"
a0040,臨床,"慢性腎疾患患者における食塩制限効果","【目的】食塩摂取量制限の効果を検証する。【方法】食事介入を12週間行った。【結果】尿蛋白量が有意に減少した。【考察】塩分制限は腎保護に有効である。"
a0041,基礎,"タンパク質Qのリン酸化部位同定","【目的】Qのリン酸化部位を特定する。【方法】質量分析法を用いた。【結果】Ser45とThr98がリン酸化されていた。【考察】Qの機能制御に重要な修飾である。"
a0042,臨床,"Rワクチン追加接種の免疫効果","【目的】Rワクチン追加接種による免疫強化を評価した。【方法】初回接種後1年で追加接種を行い抗体価を測定した。【結果】抗体価が3倍に上昇した。【考察】追加接種は免疫持続に有効である。"
a0043,基礎,"新規化合物Sの抗酸化作用","【目的】Sの抗酸化能をin vitroで評価した。【方法】ROS消去能アッセイを実施した。【結果】Sは強い抗酸化活性を示した。【考察】Sは酸化ストレス関連疾患の治療候補となる。"
a0044,臨床,"T感染症流行時の地域差解析","【目的】T感染症の地域別発生率を比較した。【方法】各自治体の届出データを集計した。【結果】都市部で発生率が高かった。【考察】人口密度や生活環境が影響している可能性がある。"
a0045,基礎,"遺伝子Uのノックダウンによる表現型解析","【目的】U遺伝子抑制が細胞増殖に与える影響を調べた。【方法】siRNA法でノックダウンし細胞増殖率を測定した。【結果】U抑制で増殖が30%低下した。【考察】Uは細胞周期制御に関与する。"
a0046,臨床,"高血圧患者における運動療法の効果","【目的】運動療法が血圧に与える効果を検証した。【方法】12週間の有酸素運動を実施した。【結果】収縮期血圧が平均10mmHg低下した。【考察】定期的運動は降圧効果を示す。"
a0047,基礎,"微生物Vの新規代謝経路の同定","【目的】Vに存在する未知の代謝経路を明らかにする。【方法】メタボローム解析を行った。【結果】新規代謝産物が検出された。【考察】Vは特殊な代謝能を有している。"
a0048,臨床,"COVID-19患者の嗅覚障害経過","【目的】嗅覚障害の回復経過を追跡した。【方法】発症後12週まで経時的に評価した。【結果】8週までに約70%が改善した。【考察】嗅覚障害は多くが可逆的である。"
a0049,基礎,"免疫抑制下での細胞死経路の変化","【目的】免疫抑制環境がアポトーシス経路に与える影響を解析した。【方法】免疫抑制剤処理細胞でカスパーゼ活性を測定した。【結果】経路の一部が阻害されていた。【考察】免疫抑制は細胞死制御にも影響する。"
a0050,臨床,"抗体価モニタリングの有用性の検証","【目的】定期的抗体価測定の臨床的有用性を評価した。【方法】年2回の測定結果を分析した。【結果】抗体価低下時の追加接種で感染率が減少した。【考察】抗体モニタリングは感染予防に有効である。"
